title,img_src,link,author,publisher,price
다행인지 불행인지 1~4 - 전4권,https://bookthumb-phinf.pstatic.net/cover/163/388/16338828.jpg?type=m1&udate=Sun Apr 26 09:25:45 KST 2020,http://book.naver.com/bookdb/book_detail.nhn?bid=16338828, 노희다,연담,"46,800원(-10%)"
다행인지 불행인지 1,https://bookthumb-phinf.pstatic.net/cover/163/388/16338820.jpg?type=m1&udate=Sun Apr 26 09:25:45 KST 2020,http://book.naver.com/bookdb/book_detail.nhn?bid=16338820, 노희다,연담,"11,700원(-10%)"
다행인지 불행인지 2,https://bookthumb-phinf.pstatic.net/cover/163/388/16338821.jpg?type=m1&udate=Sun Apr 26 09:25:45 KST 2020,http://book.naver.com/bookdb/book_detail.nhn?bid=16338821, 노희다,연담,"11,700원(-10%)"
다행인지 불행인지 3,https://bookthumb-phinf.pstatic.net/cover/163/388/16338825.jpg?type=m1&udate=Sun Apr 26 09:25:45 KST 2020,http://book.naver.com/bookdb/book_detail.nhn?bid=16338825, 노희다,연담,"11,700원(-10%)"
다행인지 불행인지 4/완결,https://bookthumb-phinf.pstatic.net/cover/163/388/16338826.jpg?type=m1&udate=Sun Apr 26 09:25:45 KST 2020,http://book.naver.com/bookdb/book_detail.nhn?bid=16338826, 노희다,연담,"11,700원(-10%)"
버지니아 울프 단편소설 전집(버지니아 울프 전집 10),https://bookthumb-phinf.pstatic.net/cover/163/419/16341940.jpg?type=m1&udate=Sun Apr 26 09:25:45 KST 2020,http://book.naver.com/bookdb/book_detail.nhn?bid=16341940, 버지니아 울프,솔,"17,100원(-10%)"
레이첼의 죽음으로부터,https://bookthumb-phinf.pstatic.net/cover/163/392/16339264.jpg?type=m1&udate=Sun Apr 26 09:25:45 KST 2020,http://book.naver.com/bookdb/book_detail.nhn?bid=16339264, 플린 베리,작가정신,"12,600원(-10%)"
카구야 프로젝트,https://bookthumb-phinf.pstatic.net/cover/163/403/16340354.jpg?type=m1&udate=Sun Apr 26 09:25:45 KST 2020,http://book.naver.com/bookdb/book_detail.nhn?bid=16340354, 원샨,아작,"13,320원(-10%)"
밤 끝으로의 여행,https://bookthumb-phinf.pstatic.net/cover/163/400/16340053.jpg?type=m1&udate=Sun Apr 26 09:25:45 KST 2020,http://book.naver.com/bookdb/book_detail.nhn?bid=16340053, 루이 훼르디낭 쎌린느,최측의농간,"25,200원(-10%)"
"서른다섯, 다시 시작해",https://bookthumb-phinf.pstatic.net/cover/163/293/16329358.jpg?type=m1&udate=Sun Apr 26 09:25:45 KST 2020,http://book.naver.com/bookdb/book_detail.nhn?bid=16329358, 강혁모,마음세상,"11,880원(-10%)"
겐지 이야기 2,https://bookthumb-phinf.pstatic.net/cover/163/242/16324208.jpg?type=m1&udate=Sun Apr 26 09:25:45 KST 2020,http://book.naver.com/bookdb/book_detail.nhn?bid=16324208, 무라사키 시키부,동서문화사,"14,400원(-10%)"
겐지 이야기 3,https://bookthumb-phinf.pstatic.net/cover/163/242/16324210.jpg?type=m1&udate=Sun Apr 26 09:25:45 KST 2020,http://book.naver.com/bookdb/book_detail.nhn?bid=16324210, 무라사키 시키부,동서문화사,"14,400원(-10%)"
달뜨기 마을,https://bookthumb-phinf.pstatic.net/cover/163/392/16339255.jpg?type=m1&udate=Sun Apr 26 09:25:45 KST 2020,http://book.naver.com/bookdb/book_detail.nhn?bid=16339255, 안재성,목선재,"12,420원(-10%)"
겐지 이야기 1,https://bookthumb-phinf.pstatic.net/cover/163/242/16324205.jpg?type=m1&udate=Sun Apr 26 09:25:45 KST 2020,http://book.naver.com/bookdb/book_detail.nhn?bid=16324205, 무라사키 시키부,동서문화사,"14,400원(-10%)"
역주 동래박의 4,https://bookthumb-phinf.pstatic.net/cover/163/263/16326322.jpg?type=m1&udate=Sun Apr 26 09:25:45 KST 2020,http://book.naver.com/bookdb/book_detail.nhn?bid=16326322, 여조겸 저,전통문화연구회,"30,600원(-10%)"
맥티그,https://bookthumb-phinf.pstatic.net/cover/163/382/16338281.jpg?type=m1&udate=Sun Apr 26 09:25:45 KST 2020,http://book.naver.com/bookdb/book_detail.nhn?bid=16338281, 프랭크 노리스,을유문화사,"14,400원(-10%)"
그들이 가지고 다닌 것들,https://bookthumb-phinf.pstatic.net/cover/163/422/16342214.jpg?type=m1&udate=Sun Apr 26 09:25:45 KST 2020,http://book.naver.com/bookdb/book_detail.nhn?bid=16342214, 팀 오브라이언,섬과달,"12,600원(-10%)"
초판본 걸리버 여행기,https://bookthumb-phinf.pstatic.net/cover/163/388/16338832.jpg?type=m1&udate=Sun Apr 26 09:25:45 KST 2020,http://book.naver.com/bookdb/book_detail.nhn?bid=16338832, 조너선 스위프트,더스토리,"9,900원(-10%)"
리그 오브 레전드: 공식 스토리북,https://bookthumb-phinf.pstatic.net/cover/163/400/16340081.jpg?type=m1&udate=Sun Apr 26 09:25:45 KST 2020,http://book.naver.com/bookdb/book_detail.nhn?bid=16340081, 라이엇 게임즈,제우미디어,"26,820원(-10%)"
"따뜻하게, 다시 1",https://bookthumb-phinf.pstatic.net/cover/163/131/16313196.jpg?type=m1&udate=Sun Apr 26 09:25:45 KST 2020,http://book.naver.com/bookdb/book_detail.nhn?bid=16313196, 채현진,플레이블(예원북스),"10,800원(-10%)"
브라질의 하룻밤,https://ssl.pstatic.net/static/book/image/juvenile_pest_82X116.gif&udate=Sun Apr 26 09:25:45 KST 2020,http://book.naver.com/bookdb/book_detail.nhn?bid=16340377, 문희,예원북스,"8,100원(-10%)"
"따뜻하게, 다시 2",https://bookthumb-phinf.pstatic.net/cover/163/132/16313201.jpg?type=m1&udate=Sun Apr 26 09:25:45 KST 2020,http://book.naver.com/bookdb/book_detail.nhn?bid=16313201, 채현진,플레이블(예원북스),"10,800원(-10%)"
마당을 나온 암탉(출간 20주년 특별판),https://bookthumb-phinf.pstatic.net/cover/163/420/16342095.jpg?type=m1&udate=Sun Apr 26 09:25:45 KST 2020,http://book.naver.com/bookdb/book_detail.nhn?bid=16342095, 황선미,사계절,"13,500원(-10%)"
우아한 야만의 바다 1,https://ssl.pstatic.net/static/book/image/juvenile_pest_82X116.gif&udate=Sun Apr 26 09:25:45 KST 2020,http://book.naver.com/bookdb/book_detail.nhn?bid=16324217, 틸다킴,퀸즈셀렉션,"10,350원(-10%)"
우아한 야만의 바다 2,https://ssl.pstatic.net/static/book/image/juvenile_pest_82X116.gif&udate=Sun Apr 26 09:25:45 KST 2020,http://book.naver.com/bookdb/book_detail.nhn?bid=16324218, 틸다킴,퀸즈셀렉션,"10,350원(-10%)"
빛의 아이들 2,https://bookthumb-phinf.pstatic.net/cover/163/421/16342197.jpg?type=m1&udate=Sun Apr 26 09:25:45 KST 2020,http://book.naver.com/bookdb/book_detail.nhn?bid=16342197, 최승주,지식과감성,"12,420원(-10%)"
"따뜻하게, 다시 세트(전2권)",https://bookthumb-phinf.pstatic.net/cover/163/132/16313203.jpg?type=m1&udate=Sun Apr 26 09:25:45 KST 2020,http://book.naver.com/bookdb/book_detail.nhn?bid=16313203, 채현진,플레이블(예원북스),"21,600원(-10%)"
우아한 야만의 바다 세트(전2권),https://ssl.pstatic.net/static/book/image/juvenile_pest_82X116.gif&udate=Sun Apr 26 09:25:45 KST 2020,http://book.naver.com/bookdb/book_detail.nhn?bid=16324215, 틸다킴,퀸즈셀렉션,"20,700원(-10%)"
악녀 카루나가 작아졌어요. 4,https://bookthumb-phinf.pstatic.net/cover/163/392/16339219.jpg?type=m1&udate=Sun Apr 26 09:25:45 KST 2020,http://book.naver.com/bookdb/book_detail.nhn?bid=16339219, 문이경,동아,"10,800원(-10%)"
언니가 남자 주인공을 주워 왔다 세트(한정판)(전5권),https://bookthumb-phinf.pstatic.net/cover/163/268/16326862.jpg?type=m1&udate=Sun Apr 26 09:25:45 KST 2020,http://book.naver.com/bookdb/book_detail.nhn?bid=16326862, 문시현,에이템포미디어,"59,400원(-10%)"
가룟 유다(지식을만드는지식 소설선집),https://bookthumb-phinf.pstatic.net/cover/163/411/16341118.jpg?type=m1&udate=Sun Apr 26 09:25:45 KST 2020,http://book.naver.com/bookdb/book_detail.nhn?bid=16341118, 레오니트 안드레예프,지식을만드는지식,"11,520원(-10%)"
언니가 남자 주인공을 주워 왔다 1,https://bookthumb-phinf.pstatic.net/cover/163/268/16326855.jpg?type=m1&udate=Sun Apr 26 09:25:45 KST 2020,http://book.naver.com/bookdb/book_detail.nhn?bid=16326855, 문시현,에이템포미디어,"11,250원(-10%)"
재혼 황후 3,https://bookthumb-phinf.pstatic.net/cover/163/306/16330680.jpg?type=m1&udate=Sun Apr 26 09:25:45 KST 2020,http://book.naver.com/bookdb/book_detail.nhn?bid=16330680, 알파타르트,해피북스투유,"12,600원(-10%)"
언니가 남자 주인공을 주워 왔다 2,https://bookthumb-phinf.pstatic.net/cover/163/268/16326858.jpg?type=m1&udate=Sun Apr 26 09:25:45 KST 2020,http://book.naver.com/bookdb/book_detail.nhn?bid=16326858, 문시현,에이템포미디어,"11,250원(-10%)"
당인리 : 대정전 후 두 시간,https://bookthumb-phinf.pstatic.net/cover/163/416/16341626.jpg?type=m1&udate=Sun Apr 26 09:25:45 KST 2020,http://book.naver.com/bookdb/book_detail.nhn?bid=16341626, 우석훈,해피북스투유,"12,420원(-10%)"
동상기(지식을만드는지식 소설선집),https://bookthumb-phinf.pstatic.net/cover/163/411/16341120.jpg?type=m1&udate=Sun Apr 26 09:25:45 KST 2020,http://book.naver.com/bookdb/book_detail.nhn?bid=16341120, 청옥당,지식을만드는지식,"11,520원(-10%)"
언니가 남자 주인공을 주워 왔다 3,https://bookthumb-phinf.pstatic.net/cover/163/268/16326859.jpg?type=m1&udate=Sun Apr 26 09:25:45 KST 2020,http://book.naver.com/bookdb/book_detail.nhn?bid=16326859, 문시현,에이템포미디어,"11,250원(-10%)"
신은 말하지 않는다,https://bookthumb-phinf.pstatic.net/cover/163/411/16341133.jpg?type=m1&udate=Sun Apr 26 09:25:45 KST 2020,http://book.naver.com/bookdb/book_detail.nhn?bid=16341133, 전수일,청어,"11,700원(-10%)"
언제까지나 쇼팽(양장본 HardCover),https://bookthumb-phinf.pstatic.net/cover/163/400/16340071.jpg?type=m1&udate=Sun Apr 26 09:25:45 KST 2020,http://book.naver.com/bookdb/book_detail.nhn?bid=16340071, 나카야마 시치리,블루홀식스(블루홀6),"14,400원(-10%)"
언니가 남자 주인공을 주워 왔다 4,https://bookthumb-phinf.pstatic.net/cover/163/268/16326860.jpg?type=m1&udate=Sun Apr 26 09:25:45 KST 2020,http://book.naver.com/bookdb/book_detail.nhn?bid=16326860, 문시현,에이템포미디어,"11,250원(-10%)"
언니가 남자 주인공을 주워 왔다 5,https://bookthumb-phinf.pstatic.net/cover/163/268/16326861.jpg?type=m1&udate=Sun Apr 26 09:25:46 KST 2020,http://book.naver.com/bookdb/book_detail.nhn?bid=16326861, 문시현,에이템포미디어,"11,250원(-10%)"
동물원 옆 미술관,https://bookthumb-phinf.pstatic.net/cover/163/385/16338572.jpg?type=m1&udate=Sun Apr 26 09:25:46 KST 2020,http://book.naver.com/bookdb/book_detail.nhn?bid=16338572, 송지성,마롱,"8,100원(-10%)"
두 개의 장벽,https://bookthumb-phinf.pstatic.net/cover/163/392/16339232.jpg?type=m1&udate=Sun Apr 26 09:25:46 KST 2020,http://book.naver.com/bookdb/book_detail.nhn?bid=16339232, 레나테 아렌스,꿈꾸다,"10,800원(-10%)"
악역 영애이기 때문에 최종 보스를 길러보았습니다. 4(J노블 퍼플(J Novel Purple)),https://bookthumb-phinf.pstatic.net/cover/163/420/16342041.jpg?type=m1&udate=Sun Apr 26 09:25:46 KST 2020,http://book.naver.com/bookdb/book_detail.nhn?bid=16342041, 나가세 사라사,서울미디어코믹스(서울문화사),"6,300원(-10%)"
유리구두가 깨지면,https://ssl.pstatic.net/static/book/image/juvenile_pest_82X116.gif&udate=Sun Apr 26 09:25:46 KST 2020,http://book.naver.com/bookdb/book_detail.nhn?bid=16338748, 이혜위,동아,"9,900원(-10%)"
천재들의 고양이,https://bookthumb-phinf.pstatic.net/cover/163/293/16329340.jpg?type=m1&udate=Sun Apr 26 09:25:46 KST 2020,http://book.naver.com/bookdb/book_detail.nhn?bid=16329340, 진주현,꿈공장플러스,"11,700원(-10%)"
플로리다,https://bookthumb-phinf.pstatic.net/cover/163/410/16341091.jpg?type=m1&udate=Sun Apr 26 09:25:46 KST 2020,http://book.naver.com/bookdb/book_detail.nhn?bid=16341091, 로런 그로프,문학동네,"13,050원(-10%)"
재령,https://bookthumb-phinf.pstatic.net/cover/163/385/16338546.jpg?type=m1&udate=Sun Apr 26 09:25:46 KST 2020,http://book.naver.com/bookdb/book_detail.nhn?bid=16338546, 윤보인,나무옆의자,"11,700원(-10%)"
"빵과 수프, 고양이와 함께하기 좋은 날 : 하나",https://bookthumb-phinf.pstatic.net/cover/163/414/16341495.jpg?type=m1&udate=Sun Apr 26 09:25:46 KST 2020,http://book.naver.com/bookdb/book_detail.nhn?bid=16341495, 무레 요코 저,북포레스트,"11,700원(-10%)"
위험천만한 연애 1,https://bookthumb-phinf.pstatic.net/cover/163/025/16302509.jpg?type=m1&udate=Sun Apr 26 09:25:46 KST 2020,http://book.naver.com/bookdb/book_detail.nhn?bid=16302509, 이지연,테라스북,"12,420원(-10%)"
"빵과 수프, 고양이와 함께하기 좋은 날 : 둘",https://bookthumb-phinf.pstatic.net/cover/163/414/16341496.jpg?type=m1&udate=Sun Apr 26 09:25:46 KST 2020,http://book.naver.com/bookdb/book_detail.nhn?bid=16341496, 무레 요코 저,북포레스트,"11,700원(-10%)"
위험천만한 연애 2,https://bookthumb-phinf.pstatic.net/cover/163/025/16302510.jpg?type=m1&udate=Sun Apr 26 09:25:46 KST 2020,http://book.naver.com/bookdb/book_detail.nhn?bid=16302510, 이지연,테라스북,"12,420원(-10%)"
노멀 피플,https://bookthumb-phinf.pstatic.net/cover/163/392/16339250.jpg?type=m1&udate=Sun Apr 26 09:25:46 KST 2020,http://book.naver.com/bookdb/book_detail.nhn?bid=16339250, 샐리 루니,아르테(arte),"12,600원(-10%)"
위험천만한 연애 세트,https://bookthumb-phinf.pstatic.net/cover/163/025/16302511.jpg?type=m1&udate=Sun Apr 26 09:25:46 KST 2020,http://book.naver.com/bookdb/book_detail.nhn?bid=16302511, 이지연,테라스북,"24,840원(-10%)"
울랄라 가족,https://bookthumb-phinf.pstatic.net/cover/163/295/16329568.jpg?type=m1&udate=Sun Apr 26 09:25:46 KST 2020,http://book.naver.com/bookdb/book_detail.nhn?bid=16329568, 김상하,창해,"13,500원(-10%)"
농담을 싫어하는 사람들,https://bookthumb-phinf.pstatic.net/cover/163/286/16328698.jpg?type=m1&udate=Sun Apr 26 09:25:46 KST 2020,http://book.naver.com/bookdb/book_detail.nhn?bid=16328698, 정지돈 글 윤예지,마음산책,"12,600원(-10%)"
우리는 시벨리우스공화국에서 만난다,https://bookthumb-phinf.pstatic.net/cover/163/383/16338341.jpg?type=m1&udate=Sun Apr 26 09:25:46 KST 2020,http://book.naver.com/bookdb/book_detail.nhn?bid=16338341, 박승오,문예바다,"10,800원(-10%)"
베르가모의 페스트 외(양장본 HardCover),https://bookthumb-phinf.pstatic.net/cover/163/386/16338641.jpg?type=m1&udate=Sun Apr 26 09:25:46 KST 2020,http://book.naver.com/bookdb/book_detail.nhn?bid=16338641, 옌스 페테르 야콥센,열린책들,"10,620원(-10%)"
분리된 기억의 세계,https://bookthumb-phinf.pstatic.net/cover/163/382/16338268.jpg?type=m1&udate=Sun Apr 26 09:25:46 KST 2020,http://book.naver.com/bookdb/book_detail.nhn?bid=16338268, 고바야시 야스미,하빌리스,"13,050원(-10%)"
"빌바오, 3월의 눈",https://bookthumb-phinf.pstatic.net/cover/163/392/16339242.jpg?type=m1&udate=Sun Apr 26 09:25:46 KST 2020,http://book.naver.com/bookdb/book_detail.nhn?bid=16339242, 김경순,문학수첩,"10,800원(-10%)"
바다의 일꾼들(지식을만드는지식 원서발췌),https://bookthumb-phinf.pstatic.net/cover/163/411/16341114.jpg?type=m1&udate=Sun Apr 26 09:25:46 KST 2020,http://book.naver.com/bookdb/book_detail.nhn?bid=16341114, 빅토르 위고,지식을만드는지식,"8,820원(-10%)"
"5월 18일, 잠수함 토끼 드림(우리학교 소설 읽는 시간)",https://bookthumb-phinf.pstatic.net/cover/163/419/16341948.jpg?type=m1&udate=Sun Apr 26 09:25:46 KST 2020,http://book.naver.com/bookdb/book_detail.nhn?bid=16341948, 박효명,우리학교,"11,700원(-10%)"
"안녕, 아빠! 여기는 지구",https://bookthumb-phinf.pstatic.net/cover/163/412/16341287.jpg?type=m1&udate=Sun Apr 26 09:25:46 KST 2020,http://book.naver.com/bookdb/book_detail.nhn?bid=16341287, 크리스타 반 돌처,푸른숲주니어,"9,000원(-10%)"
모래 별 쏟아지는 밤(할리퀸 로맨스 HR 277),https://bookthumb-phinf.pstatic.net/cover/163/296/16329647.jpg?type=m1&udate=Sun Apr 26 09:25:46 KST 2020,http://book.naver.com/bookdb/book_detail.nhn?bid=16329647, 캐롤 마리넬리,신영미디어,"4,680원(-10%)"
사자와 생쥐가 한 번도 생각 못 한 것들,https://bookthumb-phinf.pstatic.net/cover/163/420/16342093.jpg?type=m1&udate=Sun Apr 26 09:25:46 KST 2020,http://book.naver.com/bookdb/book_detail.nhn?bid=16342093, 전김해,지식과감성,"10,800원(-10%)"
소용돌이 안내소(가마쿠라)(반양장),https://bookthumb-phinf.pstatic.net/cover/163/395/16339543.jpg?type=m1&udate=Sun Apr 26 09:25:46 KST 2020,http://book.naver.com/bookdb/book_detail.nhn?bid=16339543, 아오야마 미치코,직선과곡선,"13,500원(-10%)"
억만장자 길들이기(할리퀸 로맨스 HR 278),https://bookthumb-phinf.pstatic.net/cover/163/296/16329650.jpg?type=m1&udate=Sun Apr 26 09:25:46 KST 2020,http://book.naver.com/bookdb/book_detail.nhn?bid=16329650, 미랜다 리,신영미디어,"4,680원(-10%)"
예민한 주리가 사는 법,https://bookthumb-phinf.pstatic.net/cover/163/420/16342094.jpg?type=m1&udate=Sun Apr 26 09:25:46 KST 2020,http://book.naver.com/bookdb/book_detail.nhn?bid=16342094, 윤정,국학자료원,없음
평지에 뜨는 달,https://bookthumb-phinf.pstatic.net/cover/163/398/16339896.jpg?type=m1&udate=Sun Apr 26 09:25:46 KST 2020,http://book.naver.com/bookdb/book_detail.nhn?bid=16339896, 아사쿠사 가스미 저,직선과곡선,"12,600원(-10%)"
모두가 해피엔딩(할리퀸 로맨스 HR 279),https://ssl.pstatic.net/static/book/image/juvenile_pest_82X116.gif&udate=Sun Apr 26 09:25:46 KST 2020,http://book.naver.com/bookdb/book_detail.nhn?bid=16329653, 캣 쉴드,신영미디어,"4,680원(-10%)"
사랑은 구름 속에서(할리퀸 로맨스 HR 280),https://bookthumb-phinf.pstatic.net/cover/163/296/16329654.jpg?type=m1&udate=Sun Apr 26 09:25:46 KST 2020,http://book.naver.com/bookdb/book_detail.nhn?bid=16329654, 페니 조던,신영미디어,"4,680원(-10%)"
대한민국의 몰락과 부활. 1,https://bookthumb-phinf.pstatic.net/cover/163/400/16340080.jpg?type=m1&udate=Sun Apr 26 09:25:46 KST 2020,http://book.naver.com/bookdb/book_detail.nhn?bid=16340080, 박인걸,북랩,"13,320원(-10%)"
선켄락 3,https://ssl.pstatic.net/static/book/image/juvenile_pest_82X116.gif&udate=Sun Apr 26 09:25:46 KST 2020,http://book.naver.com/bookdb/book_detail.nhn?bid=16338762, Boichi 글그림,메모리얼북스,"5,400원(-10%)"
밑 빠진 용병대에 돈 붓기 2,https://bookthumb-phinf.pstatic.net/cover/163/387/16338766.jpg?type=m1&udate=Sun Apr 26 09:25:46 KST 2020,http://book.naver.com/bookdb/book_detail.nhn?bid=16338766, 체셔냐옹,동아,"10,800원(-10%)"
권력의 가문 메디치 1,https://bookthumb-phinf.pstatic.net/cover/163/293/16329334.jpg?type=m1&udate=Sun Apr 26 09:25:46 KST 2020,http://book.naver.com/bookdb/book_detail.nhn?bid=16329334, 마테오 스트루쿨,메디치미디어,"13,500원(-10%)"
사랑하는 나의 도시,https://bookthumb-phinf.pstatic.net/cover/163/399/16339940.jpg?type=m1&udate=Sun Apr 26 09:25:46 KST 2020,http://book.naver.com/bookdb/book_detail.nhn?bid=16339940, 조영지,바른북스,"12,510원(-10%)"
권력의 가문 메디치 2,https://bookthumb-phinf.pstatic.net/cover/163/293/16329335.jpg?type=m1&udate=Sun Apr 26 09:25:46 KST 2020,http://book.naver.com/bookdb/book_detail.nhn?bid=16329335, 마테오 스트루쿨,메디치미디어,"13,500원(-10%)"
밤의 책,https://bookthumb-phinf.pstatic.net/cover/163/409/16340909.jpg?type=m1&udate=Sun Apr 26 09:25:46 KST 2020,http://book.naver.com/bookdb/book_detail.nhn?bid=16340909, 실비 제르맹,문학동네,"14,220원(-10%)"
밑 빠진 용병대에 돈 붓기 1,https://bookthumb-phinf.pstatic.net/cover/163/387/16338765.jpg?type=m1&udate=Sun Apr 26 09:25:46 KST 2020,http://book.naver.com/bookdb/book_detail.nhn?bid=16338765, 체셔냐옹,동아,"10,800원(-10%)"
청소년을 위한 고전 소설 에세이,https://bookthumb-phinf.pstatic.net/cover/163/400/16340068.jpg?type=m1&udate=Sun Apr 26 09:25:46 KST 2020,http://book.naver.com/bookdb/book_detail.nhn?bid=16340068, 류수열,해냄출판사,"14,220원(-10%)"
권력의 가문 메디치 3,https://bookthumb-phinf.pstatic.net/cover/163/293/16329336.jpg?type=m1&udate=Sun Apr 26 09:25:46 KST 2020,http://book.naver.com/bookdb/book_detail.nhn?bid=16329336, 마테오 스트루쿨,메디치미디어,"13,500원(-10%)"
스페셜원. 8,https://bookthumb-phinf.pstatic.net/cover/163/419/16341967.jpg?type=m1&udate=Sun Apr 26 09:25:46 KST 2020,http://book.naver.com/bookdb/book_detail.nhn?bid=16341967, 스틸펜,청어람,"7,200원(-10%)"
전생검신. 60,https://bookthumb-phinf.pstatic.net/cover/163/413/16341300.jpg?type=m1&udate=Sun Apr 26 09:25:46 KST 2020,http://book.naver.com/bookdb/book_detail.nhn?bid=16341300, 구로수번,루트북스,"7,200원(-10%)"
조선남자 7,https://bookthumb-phinf.pstatic.net/cover/163/308/16330842.jpg?type=m1&udate=Sun Apr 26 09:25:46 KST 2020,http://book.naver.com/bookdb/book_detail.nhn?bid=16330842, K. 석우,어울림출판사,"7,200원(-10%)"
그 헌터의 자취방. 3,https://bookthumb-phinf.pstatic.net/cover/163/413/16341301.jpg?type=m1&udate=Sun Apr 26 09:25:46 KST 2020,http://book.naver.com/bookdb/book_detail.nhn?bid=16341301, 황금타조,마야&마루,"7,200원(-10%)"
황태자비의 남자,https://bookthumb-phinf.pstatic.net/cover/163/317/16331788.jpg?type=m1&udate=Sun Apr 26 09:25:46 KST 2020,http://book.naver.com/bookdb/book_detail.nhn?bid=16331788, 진숙,봄미디어,"10,800원(-10%)"
회귀하여 90년대 톱스타되기 8,https://bookthumb-phinf.pstatic.net/cover/163/308/16330843.jpg?type=m1&udate=Sun Apr 26 09:25:46 KST 2020,http://book.naver.com/bookdb/book_detail.nhn?bid=16330843, 의향도,어울림출판사,"7,200원(-10%)"
족구의 풍경,https://bookthumb-phinf.pstatic.net/cover/163/395/16339548.jpg?type=m1&udate=Sun Apr 26 09:25:46 KST 2020,http://book.naver.com/bookdb/book_detail.nhn?bid=16339548, 오수완,위즈덤하우스,"11,700원(-10%)"
유물 먹는 헌터. 4,https://bookthumb-phinf.pstatic.net/cover/163/413/16341302.jpg?type=m1&udate=Sun Apr 26 09:25:46 KST 2020,http://book.naver.com/bookdb/book_detail.nhn?bid=16341302, 화운,마야&마루,"7,200원(-10%)"
공작가의 집사. 9,https://bookthumb-phinf.pstatic.net/cover/163/410/16341087.jpg?type=m1&udate=Sun Apr 26 09:25:46 KST 2020,http://book.naver.com/bookdb/book_detail.nhn?bid=16341087, 레옐,영상출판미디어(영상노트),"7,200원(-10%)"
망작의 삼공자로 사는법. 3,https://bookthumb-phinf.pstatic.net/cover/163/412/16341290.jpg?type=m1&udate=Sun Apr 26 09:25:46 KST 2020,http://book.naver.com/bookdb/book_detail.nhn?bid=16341290, 청라,파피루스,"7,200원(-10%)"
연예계 엑스트라. 3,https://bookthumb-phinf.pstatic.net/cover/163/422/16342239.jpg?type=m1&udate=Sun Apr 26 09:25:46 KST 2020,http://book.naver.com/bookdb/book_detail.nhn?bid=16342239, 왕십리글쟁이,로크미디어,"7,200원(-10%)"
특성스킬 저승사자. 8(완결),https://bookthumb-phinf.pstatic.net/cover/163/410/16341088.jpg?type=m1&udate=Sun Apr 26 09:25:46 KST 2020,http://book.naver.com/bookdb/book_detail.nhn?bid=16341088, 고랭지,영상출판미디어(영상노트),"7,200원(-10%)"
두번사는 프로게이머. 4,https://bookthumb-phinf.pstatic.net/cover/163/412/16341291.jpg?type=m1&udate=Sun Apr 26 09:25:46 KST 2020,http://book.naver.com/bookdb/book_detail.nhn?bid=16341291, 지언,파피루스,"7,200원(-10%)"
회귀했더니 입대 전날. 8,https://bookthumb-phinf.pstatic.net/cover/163/422/16342240.jpg?type=m1&udate=Sun Apr 26 09:25:46 KST 2020,http://book.naver.com/bookdb/book_detail.nhn?bid=16342240, 에바트리체,로크미디어,"7,200원(-10%)"
위대한 개츠비(미니북),https://bookthumb-phinf.pstatic.net/cover/163/383/16338316.jpg?type=m1&udate=Sun Apr 26 09:25:46 KST 2020,http://book.naver.com/bookdb/book_detail.nhn?bid=16338316, F. 스콧 피츠제럴드,자화상,"5,310원(-10%)"
신이 내린 방송천재. 7,https://bookthumb-phinf.pstatic.net/cover/163/412/16341293.jpg?type=m1&udate=Sun Apr 26 09:25:46 KST 2020,http://book.naver.com/bookdb/book_detail.nhn?bid=16341293, JHK서랍,파피루스,"7,200원(-10%)"
얼굴이 사라진 밤,https://bookthumb-phinf.pstatic.net/cover/163/395/16339540.jpg?type=m1&udate=Sun Apr 26 09:25:46 KST 2020,http://book.naver.com/bookdb/book_detail.nhn?bid=16339540, 루이즈 젠슨,교보문고,"13,320원(-10%)"
왕은 돈이 고프다. 4,https://bookthumb-phinf.pstatic.net/cover/163/412/16341296.jpg?type=m1&udate=Sun Apr 26 09:25:46 KST 2020,http://book.naver.com/bookdb/book_detail.nhn?bid=16341296, 철판코기,어울림,"7,200원(-10%)"
마졸 빙의빨로 천마지존. 3,https://bookthumb-phinf.pstatic.net/cover/163/412/16341298.jpg?type=m1&udate=Sun Apr 26 09:25:46 KST 2020,http://book.naver.com/bookdb/book_detail.nhn?bid=16341298, 문지기,어울림,"7,200원(-10%)"
바다로 향하는 물고기들,https://bookthumb-phinf.pstatic.net/cover/163/315/16331531.jpg?type=m1&udate=Sun Apr 26 09:25:46 KST 2020,http://book.naver.com/bookdb/book_detail.nhn?bid=16331531, 시마모토 리오,해냄출판사,"13,500원(-10%)"
심야 비서 2/완결,https://ssl.pstatic.net/static/book/image/juvenile_pest_82X116.gif&udate=Sun Apr 26 09:25:46 KST 2020,http://book.naver.com/bookdb/book_detail.nhn?bid=16330343, 미몽,마야마루출판사,"8,100원(-10%)"
"신창, 망국의 귀족이 되다. 2",https://bookthumb-phinf.pstatic.net/cover/163/412/16341236.jpg?type=m1&udate=Sun Apr 26 09:25:46 KST 2020,http://book.naver.com/bookdb/book_detail.nhn?bid=16341236, 비도,로크미디어,"7,200원(-10%)"
에냐도르의 전설,https://bookthumb-phinf.pstatic.net/cover/163/001/16300101.jpg?type=m1&udate=Sun Apr 26 09:25:46 KST 2020,http://book.naver.com/bookdb/book_detail.nhn?bid=16300101, 미라 발렌틴,사일런스북,"13,320원(-10%)"
소설 예수 1,https://bookthumb-phinf.pstatic.net/cover/163/209/16320976.jpg?type=m1&udate=Sun Apr 26 09:25:46 KST 2020,http://book.naver.com/bookdb/book_detail.nhn?bid=16320976, 윤석철,나남,"13,320원(-10%)"
뮬란 새로운 여정(디즈니 오리지널 노블),https://bookthumb-phinf.pstatic.net/cover/163/306/16330654.jpg?type=m1&udate=Sun Apr 26 09:25:46 KST 2020,http://book.naver.com/bookdb/book_detail.nhn?bid=16330654, 엘리자베스 림,라곰,"14,220원(-10%)"
천하제일 대사형 14,https://bookthumb-phinf.pstatic.net/cover/163/408/16340894.jpg?type=m1&udate=Sun Apr 26 09:25:46 KST 2020,http://book.naver.com/bookdb/book_detail.nhn?bid=16340894, 북미혼,파피루스(디앤씨미디어),"7,200원(-10%)"
이름 없는 고양이(양장본 HardCover),https://bookthumb-phinf.pstatic.net/cover/163/399/16339986.jpg?type=m1&udate=Sun Apr 26 09:25:46 KST 2020,http://book.naver.com/bookdb/book_detail.nhn?bid=16339986, 다케시타 후미코,살림,"10,800원(-10%)"
천마를 삼켰다 10,https://bookthumb-phinf.pstatic.net/cover/163/408/16340889.jpg?type=m1&udate=Sun Apr 26 09:25:46 KST 2020,http://book.naver.com/bookdb/book_detail.nhn?bid=16340889, Stag,파피루스(디앤씨미디어),"7,200원(-10%)"
당신의 매니저 11,https://bookthumb-phinf.pstatic.net/cover/163/408/16340893.jpg?type=m1&udate=Sun Apr 26 09:25:46 KST 2020,http://book.naver.com/bookdb/book_detail.nhn?bid=16340893, 몽계,파피루스(디앤씨미디어),"7,200원(-10%)"
소설 예수 2,https://bookthumb-phinf.pstatic.net/cover/163/209/16320978.jpg?type=m1&udate=Sun Apr 26 09:25:46 KST 2020,http://book.naver.com/bookdb/book_detail.nhn?bid=16320978, 윤석철,나남,"14,220원(-10%)"
심야 비서 1,https://ssl.pstatic.net/static/book/image/juvenile_pest_82X116.gif&udate=Sun Apr 26 09:25:46 KST 2020,http://book.naver.com/bookdb/book_detail.nhn?bid=16330341, 미몽,마야마루출판사,"8,100원(-10%)"
"신창, 망국의 귀족이 되다. 1",https://bookthumb-phinf.pstatic.net/cover/163/412/16341235.jpg?type=m1&udate=Sun Apr 26 09:25:46 KST 2020,http://book.naver.com/bookdb/book_detail.nhn?bid=16341235, 비도,로크미디어,"7,200원(-10%)"
너의 옷이 보여. 8,https://bookthumb-phinf.pstatic.net/cover/163/419/16341966.jpg?type=m1&udate=Sun Apr 26 09:25:46 KST 2020,http://book.naver.com/bookdb/book_detail.nhn?bid=16341966, 킹묵,청어람,"7,200원(-10%)"
천재소독비 27/완결,https://bookthumb-phinf.pstatic.net/cover/163/307/16330713.jpg?type=m1&udate=Sun Apr 26 09:25:46 KST 2020,http://book.naver.com/bookdb/book_detail.nhn?bid=16330713, 지에모,파란미디어,"13,500원(-10%)"
천재소독비 외전,https://bookthumb-phinf.pstatic.net/cover/163/307/16330715.jpg?type=m1&udate=Sun Apr 26 09:25:46 KST 2020,http://book.naver.com/bookdb/book_detail.nhn?bid=16330715, 지에모,파란미디어,"13,500원(-10%)"
피와뼈. 1,https://ssl.pstatic.net/static/book/image/juvenile_pest_82X116.gif&udate=Sun Apr 26 09:25:46 KST 2020,http://book.naver.com/bookdb/book_detail.nhn?bid=16339965, 김성모,우주미디어,"5,700원(-5%)"
연기의 신이 되었다 8,https://bookthumb-phinf.pstatic.net/cover/163/399/16339901.jpg?type=m1&udate=Sun Apr 26 09:25:46 KST 2020,http://book.naver.com/bookdb/book_detail.nhn?bid=16339901, 르뽀렘,파피루스(디앤씨미디어),"7,200원(-10%)"
피와뼈. 2,https://ssl.pstatic.net/static/book/image/juvenile_pest_82X116.gif&udate=Sun Apr 26 09:25:46 KST 2020,http://book.naver.com/bookdb/book_detail.nhn?bid=16339966, 김성모,우주미디어,"5,700원(-5%)"
나노머신 재벌 3세. 7,https://bookthumb-phinf.pstatic.net/cover/163/392/16339257.jpg?type=m1&udate=Sun Apr 26 09:25:46 KST 2020,http://book.naver.com/bookdb/book_detail.nhn?bid=16339257, 풍류태,영상출판미디어(영상노트),"7,200원(-10%)"
술만 마시고 레벨 업 9,https://bookthumb-phinf.pstatic.net/cover/163/399/16339902.jpg?type=m1&udate=Sun Apr 26 09:25:47 KST 2020,http://book.naver.com/bookdb/book_detail.nhn?bid=16339902, 펩티드,파피루스(디앤씨미디어),"7,200원(-10%)"
9999회차 SSS급 정찰병. 4,https://bookthumb-phinf.pstatic.net/cover/163/392/16339260.jpg?type=m1&udate=Sun Apr 26 09:25:47 KST 2020,http://book.naver.com/bookdb/book_detail.nhn?bid=16339260, 트래스크,영상출판미디어(영상노트),"7,200원(-10%)"
"더킹, 왕이 되는자 5",https://bookthumb-phinf.pstatic.net/cover/163/399/16339904.jpg?type=m1&udate=Sun Apr 26 09:25:47 KST 2020,http://book.naver.com/bookdb/book_detail.nhn?bid=16339904, 배가,파피루스(디앤씨미디어),"7,200원(-10%)"
탱고를 추는 神父,https://bookthumb-phinf.pstatic.net/cover/163/399/16339945.jpg?type=m1&udate=Sun Apr 26 09:25:47 KST 2020,http://book.naver.com/bookdb/book_detail.nhn?bid=16339945, 정인,바른북스,"12,420원(-10%)"
화이트아웃,https://bookthumb-phinf.pstatic.net/cover/163/383/16338345.jpg?type=m1&udate=Sun Apr 26 09:25:47 KST 2020,http://book.naver.com/bookdb/book_detail.nhn?bid=16338345, 장용호,필리리스토리,"13,500원(-10%)"
월면도시 PART1:일광욕의 날,https://bookthumb-phinf.pstatic.net/cover/163/400/16340054.jpg?type=m1&udate=Sun Apr 26 09:25:47 KST 2020,http://book.naver.com/bookdb/book_detail.nhn?bid=16340054, 김동식,CABINET,"11,700원(-10%)"
죄악의 열매,https://bookthumb-phinf.pstatic.net/cover/163/258/16325834.jpg?type=m1&udate=Sun Apr 26 09:25:47 KST 2020,http://book.naver.com/bookdb/book_detail.nhn?bid=16325834, 춈춈,가하,"12,420원(-10%)"
8서클 마법사의 환생. 17 (완결),https://bookthumb-phinf.pstatic.net/cover/163/400/16340095.jpg?type=m1&udate=Sun Apr 26 09:25:47 KST 2020,http://book.naver.com/bookdb/book_detail.nhn?bid=16340095, 자리,로크미디어,"7,200원(-10%)"
일주일 만에 사랑할 순 없다(김동식 소설집 8),https://bookthumb-phinf.pstatic.net/cover/162/936/16293677.jpg?type=m1&udate=Sun Apr 26 09:25:47 KST 2020,http://book.naver.com/bookdb/book_detail.nhn?bid=16293677, 김동식,요다,"11,700원(-10%)"
향수,https://bookthumb-phinf.pstatic.net/cover/163/296/16329605.jpg?type=m1&udate=Sun Apr 26 09:25:47 KST 2020,http://book.naver.com/bookdb/book_detail.nhn?bid=16329605, 파트리크 쥐스킨트,열린책들,"13,320원(-10%)"
까떼드랄 주점에서의 대화 1,https://bookthumb-phinf.pstatic.net/cover/163/318/16331855.jpg?type=m1&udate=Sun Apr 26 09:25:47 KST 2020,http://book.naver.com/bookdb/book_detail.nhn?bid=16331855, 마리오 바르가스 요사,창비,"16,200원(-10%)"
나는 헌터가 싫다 10,https://bookthumb-phinf.pstatic.net/cover/163/387/16338756.jpg?type=m1&udate=Sun Apr 26 09:25:47 KST 2020,http://book.naver.com/bookdb/book_detail.nhn?bid=16338756, 강찬,파피루스(디앤씨미디어),"7,200원(-10%)"
생사의 게임,https://bookthumb-phinf.pstatic.net/cover/163/178/16317815.jpg?type=m1&udate=Sun Apr 26 09:25:47 KST 2020,http://book.naver.com/bookdb/book_detail.nhn?bid=16317815, 시드니 셀던,문지사,"13,500원(-10%)"
토마스 만 단편 전집. 1(부클래식 82),https://bookthumb-phinf.pstatic.net/cover/163/252/16325219.jpg?type=m1&udate=Sun Apr 26 09:25:47 KST 2020,http://book.naver.com/bookdb/book_detail.nhn?bid=16325219, 토마스 만,부북스,"10,800원(-10%)"
비둘기(2020 파트리크 쥐스킨트 리뉴얼 시리즈),https://bookthumb-phinf.pstatic.net/cover/163/296/16329620.jpg?type=m1&udate=Sun Apr 26 09:25:47 KST 2020,http://book.naver.com/bookdb/book_detail.nhn?bid=16329620, 파트리크 쥐스킨트,열린책들,"11,520원(-10%)"
까떼드랄 주점에서의 대화 2,https://bookthumb-phinf.pstatic.net/cover/163/318/16331858.jpg?type=m1&udate=Sun Apr 26 09:25:47 KST 2020,http://book.naver.com/bookdb/book_detail.nhn?bid=16331858, 마리오 바르가스 요사,창비,"16,200원(-10%)"
펠리시티: 벽의 꽃이 악마를 만나면 1,https://bookthumb-phinf.pstatic.net/cover/163/382/16338232.jpg?type=m1&udate=Sun Apr 26 09:25:47 KST 2020,http://book.naver.com/bookdb/book_detail.nhn?bid=16338232, 새라 맥클레인,파피펍,없음
중국 재벌 6,https://bookthumb-phinf.pstatic.net/cover/163/387/16338757.jpg?type=m1&udate=Sun Apr 26 09:25:47 KST 2020,http://book.naver.com/bookdb/book_detail.nhn?bid=16338757, 팬텀에릭,파피루스(디앤씨미디어),"7,200원(-10%)"
신 호모데우스전,https://bookthumb-phinf.pstatic.net/cover/163/263/16326344.jpg?type=m1&udate=Sun Apr 26 09:25:47 KST 2020,http://book.naver.com/bookdb/book_detail.nhn?bid=16326344, 이상권,특별한서재,"10,800원(-10%)"
사랑,https://bookthumb-phinf.pstatic.net/cover/163/295/16329599.jpg?type=m1&udate=Sun Apr 26 09:25:47 KST 2020,http://book.naver.com/bookdb/book_detail.nhn?bid=16329599, 파트리크 쥐스킨트,열린책들,"13,320원(-10%)"
"청룡, 춘풍유희 1",https://bookthumb-phinf.pstatic.net/cover/163/308/16330845.jpg?type=m1&udate=Sun Apr 26 09:25:47 KST 2020,http://book.naver.com/bookdb/book_detail.nhn?bid=16330845, 혁명,어울림출판사,"7,200원(-10%)"
GV 빌런 고태경,https://bookthumb-phinf.pstatic.net/cover/163/303/16330384.jpg?type=m1&udate=Sun Apr 26 09:25:47 KST 2020,http://book.naver.com/bookdb/book_detail.nhn?bid=16330384, 정대건,은행나무,"12,150원(-10%)"
콘트라바스 Der Kontrabass(2020 파트리크 쥐스킨트 리뉴얼 시리즈),https://bookthumb-phinf.pstatic.net/cover/163/296/16329624.jpg?type=m1&udate=Sun Apr 26 09:25:47 KST 2020,http://book.naver.com/bookdb/book_detail.nhn?bid=16329624, 파트리크 쥐스킨트,열린책들,"11,520원(-10%)"
신이 축복한 남자. 7,https://bookthumb-phinf.pstatic.net/cover/163/392/16339239.jpg?type=m1&udate=Sun Apr 26 09:25:47 KST 2020,http://book.naver.com/bookdb/book_detail.nhn?bid=16339239, 정한담,로크미디어,"7,200원(-10%)"
펠리시티: 벽의 꽃이 악마를 만나면 2,https://bookthumb-phinf.pstatic.net/cover/163/382/16338233.jpg?type=m1&udate=Sun Apr 26 09:25:47 KST 2020,http://book.naver.com/bookdb/book_detail.nhn?bid=16338233, 새라 맥클레인,파피펍,없음
잃어버린 시절을 찾아서 완간 세트(전12권),https://bookthumb-phinf.pstatic.net/cover/163/287/16328704.jpg?type=m1&udate=Sun Apr 26 09:25:47 KST 2020,http://book.naver.com/bookdb/book_detail.nhn?bid=16328704, 마르셀 프루스트,펭귄클래식코리아,"99,000원(-10%)"
곤륜패선 5,https://bookthumb-phinf.pstatic.net/cover/163/387/16338755.jpg?type=m1&udate=Sun Apr 26 09:25:47 KST 2020,http://book.naver.com/bookdb/book_detail.nhn?bid=16338755, 윤시현,위시북스,"7,200원(-10%)"
피프티 피플(티트라 에디션)(한정판),https://bookthumb-phinf.pstatic.net/cover/163/306/16330682.jpg?type=m1&udate=Sun Apr 26 09:25:47 KST 2020,http://book.naver.com/bookdb/book_detail.nhn?bid=16330682, 정세랑,창비,"16,200원(-35%)"
은퇴 좀 해라 3,https://bookthumb-phinf.pstatic.net/cover/163/387/16338750.jpg?type=m1&udate=Sun Apr 26 09:25:47 KST 2020,http://book.naver.com/bookdb/book_detail.nhn?bid=16338750, 생착률95,동아,"7,200원(-10%)"
나스타샤(개정판)(양장본 HardCover),https://bookthumb-phinf.pstatic.net/cover/163/181/16318146.jpg?type=m1&udate=Sun Apr 26 09:25:47 KST 2020,http://book.naver.com/bookdb/book_detail.nhn?bid=16318146, 조지수,북핀,"15,300원(-10%)"
시어니 트윌과 거울 마법(시어니 트윌과 마법 시리즈 2),https://bookthumb-phinf.pstatic.net/cover/163/292/16329279.jpg?type=m1&udate=Sun Apr 26 09:25:47 KST 2020,http://book.naver.com/bookdb/book_detail.nhn?bid=16329279, 찰리 N. 홈버그,이덴슬리벨,"13,950원(-10%)"
청룡 춘풍유희. 2,https://bookthumb-phinf.pstatic.net/cover/163/392/16339237.jpg?type=m1&udate=Sun Apr 26 09:25:47 KST 2020,http://book.naver.com/bookdb/book_detail.nhn?bid=16339237, 혁명,어울림,"7,200원(-10%)"
일의 기쁨과 슬픔(티트라 에디션)(한정판),https://bookthumb-phinf.pstatic.net/cover/163/306/16330684.jpg?type=m1&udate=Sun Apr 26 09:25:47 KST 2020,http://book.naver.com/bookdb/book_detail.nhn?bid=16330684, 장류진,창비,"16,200원(-35%)"
로봇 교사 1,https://bookthumb-phinf.pstatic.net/cover/163/189/16318985.jpg?type=m1&udate=Sun Apr 26 09:25:47 KST 2020,http://book.naver.com/bookdb/book_detail.nhn?bid=16318985, 이희준,별숲,"10,800원(-10%)"
9클래스 소드 마스터 11,https://bookthumb-phinf.pstatic.net/cover/163/387/16338751.jpg?type=m1&udate=Sun Apr 26 09:25:47 KST 2020,http://book.naver.com/bookdb/book_detail.nhn?bid=16338751, 이형석,위시북스,"7,200원(-10%)"
무등산에 묻다,https://bookthumb-phinf.pstatic.net/cover/163/233/16323309.jpg?type=m1&udate=Sun Apr 26 09:25:47 KST 2020,http://book.naver.com/bookdb/book_detail.nhn?bid=16323309, 이주숙,지식과감성,"10,800원(-10%)"
시어니 트윌과 종이 심장(시어니 트윌과 마법 시리즈 1),https://bookthumb-phinf.pstatic.net/cover/163/293/16329377.jpg?type=m1&udate=Sun Apr 26 09:25:47 KST 2020,http://book.naver.com/bookdb/book_detail.nhn?bid=16329377, 찰리 N. 홈버그,이덴슬리벨,"13,950원(-10%)"
우리가 빚의 속도로 갈 수 없다면(티트라 에디션)(한정판),https://bookthumb-phinf.pstatic.net/cover/163/306/16330688.jpg?type=m1&udate=Sun Apr 26 09:25:47 KST 2020,http://book.naver.com/bookdb/book_detail.nhn?bid=16330688, 김초엽,허블,"15,700원(-37%)"
로봇 교사 2,https://bookthumb-phinf.pstatic.net/cover/163/189/16318987.jpg?type=m1&udate=Sun Apr 26 09:25:47 KST 2020,http://book.naver.com/bookdb/book_detail.nhn?bid=16318987, 이희준,별숲,"10,800원(-10%)"
이 세계에서 너와 두 번째 첫사랑을,https://bookthumb-phinf.pstatic.net/cover/163/273/16327339.jpg?type=m1&udate=Sun Apr 26 09:25:47 KST 2020,http://book.naver.com/bookdb/book_detail.nhn?bid=16327339, 모치즈키 쿠라게 저,북스토리,"11,520원(-10%)"
